time;open;high;low;close;volatilityIndex;LogS;LogB
1;1000;1130.2875066974577;897.8121090979319;1038.903130287364;14.4;7;20
2;1038.903130287364;1108.9281742758633;912.3312146598889;977.0671289768296;13.824;8;7
3;977.0671289768296;1043.8969372940417;946.5856973171802;960.3487787324373;13.824;14;14
4;960.3487787324373;1048.1872850113461;770.639743073462;961.0173364311252;14.37696;10;9
5;961.0173364311252;1040.6629015910733;878.1927893099742;926.4991860450972;14.8082688;20;10
6;926.4991860450972;1028.2818385617072;802.1292355417806;1028.2818385617072;15.104434176;3;10
7;1028.2818385617072;1084.5199477717276;890.7618898453366;1012.366991782031;15.70861154304;17;1
8;1012.366991782031;1092.9400321370717;868.3796248451712;966.6167347036007;16.1798698893312;24;9
9;966.6167347036007;1130.0713064306678;804.9093874805554;1116.4922661831986;16.01807119043789;1;9
10;1116.4922661831986;1232.1634882547116;1076.1629796722677;1153.4500820350268;15.377348342820374;8;19
11;1153.4500820350268;1262.909459189425;943.3598314170721;1110.5363876162778;15.377348342820374;10;17
12;1110.5363876162778;1213.3804700060737;946.6738936139111;1072.9951093894908;15.377348342820374;7;2
13;1072.9951093894908;1249.061350407041;987.4453430340657;1107.851542921517;15.531121826248578;14;4
14;1107.851542921517;1115.353846181253;1041.2606231308512;1054.6270045123265;15.531121826248578;20;10
15;1054.6270045123265;1144.0773735777693;1000.5923114487521;1138.7154214176753;15.375810607986091;15;24
16;1138.7154214176753;1176.7329636400784;913.106360515569;1128.6272357762668;15.375810607986091;15;7
17;1128.6272357762668;1251.8029056578398;1045.5580371764615;1114.0183387411141;15.837084926225675;8;15
18;1114.0183387411141;1297.390931972588;898.2588412414929;1152.732673584682;15.837084926225675;15;19
19;1152.732673584682;1366.4601216615433;1132.916280644197;1132.916280644197;16.312197474012446;9;11
20;1132.916280644197;1193.1864105515265;1061.8518240081953;1130.5377651055462;16.312197474012446;13;16
21;1130.5377651055462;1193.8833286496588;1021.7082831836262;1094.968105986607;16.638441423492694;16;6
22;1094.968105986607;1157.270499740463;855.0423477846412;1082.4576136242601;15.972903766552985;12;4
23;1082.4576136242601;1148.8722588816026;1003.9386991443448;1148.8722588816026;15.333987615890866;11;15
24;1148.8722588816026;1304.8318078225084;928.9069214079839;1224.7377444826873;15.947347120526501;5;28
25;1224.7377444826873;1335.6673220542452;1104.4895318642402;1298.449304850214;15.947347120526501;7;14
26;1298.449304850214;1364.3066447409665;1201.1526982096213;1312.4705307931679;15.947347120526501;10;11
27;1312.4705307931679;1461.160833007194;1272.0448447160677;1445.8672367091278;16.106820591731765;0;33
28;1445.8672367091278;1516.4763068850575;1288.2945636903141;1345.9628857255177;61;25;6
29;1345.9628857255177;1360.9578134022224;1153.6363049341155;1289.9352449543028;61;32;8
30;1289.9352449543028;1341.3362725817171;1039.4041109136963;1238.6285193336678;61;30;2
31;1238.6285193336678;1311.1872969564058;1098.6664056983127;1151.3261075519765;61;30;6
32;1151.3261075519765;1183.1776808493532;953.1557588254468;1183.1776808493532;61;15;1
33;1183.1776808493532;1204.3985437364354;1060.0492298822933;1138.6105157490163;60.39;30;2
34;1138.6105157490163;1138.6105157490163;928.4809811281925;1123.767052628116;60.39;20;2
35;1123.767052628116;1180.360281310417;934.7090951469098;1069.135431260627;60.39;33;2
36;1069.135431260627;1176.6642404979211;859.5615455606518;989.0630440900859;59.7861;37;1
37;989.0630440900859;1163.0390550632737;899.8842839535729;969.8113369097721;59.7861;20;6
38;969.8113369097721;974.9032322988027;760.8097442125179;924.3538885247935;59.7861;27;1
39;924.3538885247935;962.906331616851;845.9075384269423;859.1283206428658;59.188238999999996;26;7
40;859.1283206428658;937.580362622483;595.1438258551868;756.2110355854873;59.78012139;27;1
41;756.2110355854873;814.7790933756459;610.3543278885367;683.1976547278136;59.78012139;16;2
42;683.1976547278136;683.1976547278136;459.0946125571202;629.4969190144893;59.1823201761;38;0
43;629.4969190144893;676.470119893578;348.98794040938304;549.4933943933046;59.1823201761;27;0
44;549.4933943933046;602.0364701768274;471.30183070598025;532.0644551051649;59.1823201761;14;11
45;532.0644551051649;555.5304225486369;338.42910795657957;376.3200873383099;59.1823201761;30;2
46;376.3200873383099;641.2328327564823;334.5835970394132;448.1825006418904;59.1823201761;2;37
47;448.1825006418904;637.0318076481067;448.1825006418904;466.90845807512585;59.1823201761;0;31
48;466.90845807512585;719.230724212998;466.90845807512585;617.0091313285375;59.1823201761;0;54
49;617.0091313285375;618.3379969661655;393.14205242440124;618.3379969661655;59.774143377861;28;4
50;618.3379969661655;714.832322689911;470.23088504998873;643.4810692503904;59.17640194408239;17;6
51;643.4810692503904;695.5840630622954;505.149694279337;641.8278006188649;58.58463792464157;19;6
52;641.8278006188649;684.6283860444374;558.4666169837834;662.0121600310529;58.58463792464157;20;7
53;662.0121600310529;685.8477943219666;485.804379170274;485.804379170274;58.58463792464157;29;1
54;485.804379170274;693.2234790817228;485.804379170274;619.7161143319416;58.58463792464157;0;60
55;619.7161143319416;681.9360857226444;400.3341699551412;565.2294032239181;58.58463792464157;23;0
56;565.2294032239181;565.2294032239181;369.74731904830725;511.89761822411936;59.17048430388799;38;5
57;511.89761822411936;516.6516999323434;340.33493858613707;468.1397687242198;59.17048430388799;32;9
58;468.1397687242198;741.3985579080257;390.8165699786806;608.2482623153564;15;0;52
59;608.2482623153564;766.1545971424207;553.0442809758802;555.9403852388562;15.45;9;13
60;555.9403852388562;680.9788793506206;484.7795763823879;680.9788793506206;15.758999999999999;4;19
61;680.9788793506206;763.0726684019594;468.70045761005747;665.084376301569;16.38936;12;9
62;665.084376301569;889.6617126821955;637.5624527756798;706.7068078175562;16.38936;10;10
63;706.7068078175562;865.5542934558594;637.4271530071994;658.4575156971346;16.8810408;6;6
64;658.4575156971346;807.9987208224973;533.990170876761;675.1260029883948;16.712230392000002;20;5
65;675.1260029883948;741.2195242931381;601.7113320541487;678.3165515654632;17.213597303760004;13;17
66;678.3165515654632;859.5659866283538;608.653688532044;729.8860808790764;17.385733276797605;7;15
67;729.8860808790764;910.7459626160347;587.3114157803496;736.8831843571294;17.385733276797605;2;9
68;736.8831843571294;875.0696244868803;656.2632765204372;824.576182078033;17.385733276797605;11;12
69;824.576182078033;899.4233680515787;684.9939993919464;763.1632044048383;16.86416127849368;11;13
70;763.1632044048383;898.6139784713499;709.8263971570178;753.9854079721473;16.358236440138867;8;14
71;753.9854079721473;911.794181613702;743.0281550774736;750.7699026560027;16.19465407573748;4;22
72;750.7699026560027;941.2439545398233;709.8315547981052;709.8315547981052;15.87076099422273;16;13
73;709.8315547981052;919.4450052501367;595.4669140078441;774.506462790758;16.50559143399164;4;20
74;774.506462790758;906.327097554233;691.1153287039347;805.7839534665017;15.845367776631974;12;10
75;805.7839534665017;927.1855095232228;744.786271164932;775.203972808236;15.845367776631974;7;19
76;775.203972808236;873.3272726998323;699.2531790262537;771.1256465379435;15.528460421099334;7;12
77;771.1256465379435;854.7839189623004;639.8439228994393;755.6859727375338;15.062606608466353;22;5
78;755.6859727375338;912.0523478983405;740.3769426589579;756.9722672197546;15.062606608466353;6;19
79;756.9722672197546;846.8760563566142;611.2514034320568;797.9171214367451;15.363858740635681;8;16
80;797.9171214367451;938.1914160174683;703.7003304964137;763.3872921949417;15.363858740635681;6;8
81;763.3872921949417;893.7817839795069;675.7484064864943;833.0410696689054;14.749304391010254;4;6
82;833.0410696689054;961.4886098649317;766.9082289112447;822.6705971215807;14.601811347100151;3;14
83;822.6705971215807;949.6821746014863;751.8398763917028;854.1564607551989;14.601811347100151;13;13
84;854.1564607551989;876.1679981051421;691.5752008971153;824.8206281364164;15.185883800984158;14;6
85;824.8206281364164;983.3293294053362;692.3533402535598;918.4182857197562;15.185883800984158;8;18
86;918.4182857197562;982.2410241945845;822.8946177545141;953.3014690800513;15.185883800984158;15;13
87;953.3014690800513;1020.8950659477379;743.0026995749287;1020.8950659477379;14.57844844894479;15;15
88;1020.8950659477379;1155.3423880885348;966.6969742213487;976.1506323553455;15.015801902413134;14;13
89;976.1506323553455;1107.5351801687082;901.6043176545023;1013.8510889243055;15.015801902413134;15;16
90;1013.8510889243055;1156.1908006052895;891.023088373839;1064.9143864369848;14.865643883389003;7;20
91;1064.9143864369848;1238.0241852778167;968.9226442529197;1070.1877607786453;14.419674566887332;5;14
92;1070.1877607786453;1114.452777655742;919.8787291813143;997.9977282877775;14.563871312556206;16;8
93;997.9977282877775;1095.7811513886386;932.5907092583236;980.5670721182126;14.12695517317952;23;7
94;980.5670721182126;1141.6031957316527;933.8727385940781;953.5124564478111;14.409494276643109;9;15
95;953.5124564478111;1091.854121674613;817.9648381578593;949.855188893328;13.833114505577385;5;12
96;949.855188893328;1030.6279819323795;726.6588891644137;965.6837170051158;13.971445650633159;8;10
97;965.6837170051158;1035.5844402500638;816.874497698706;927.4117055499113;13.412587824607833;17;8
98;927.4117055499113;1105.6580379659815;861.0043018871892;912.205897883536;13.949091337592145;9;10
99;912.205897883536;954.6085855659467;836.5812827891039;863.7911905722402;14.22807316434399;15;14
100;863.7911905722402;969.7531449378125;718.2955785700606;843.4962548437667;13.65895023777023;24;6
101;843.4962548437667;1026.7563113894757;710.2720513963156;879.3174010491501;13.385771233014825;3;5
102;879.3174010491501;1041.4632456823774;879.3174010491501;923.9013131987049;13.385771233014825;8;25
103;923.9013131987049;1022.4134798911265;855.9109767305099;917.0821132311454;13.118055808354528;7;13
104;917.0821132311454;996.8183903959126;846.0782640768055;905.5729356266614;12.593333576020347;6;10
105;905.5729356266614;1010.6774250309769;786.660653572812;1010.6774250309769;12.215533568739737;6;22
106;1010.6774250309769;1182.848795087399;913.6174641157587;1030.0811430824313;12.215533568739737;6;9
107;1030.0811430824313;1062.138154602692;811.4481346351225;1017.2270002266337;12.581999575801929;12;11
108;1017.2270002266337;1136.8543030420649;834.8159766268423;1051.5469037689354;12.581999575801929;6;13
109;1051.5469037689354;1200.1215209748927;964.0873234555822;990.37325767705;12.20453958852787;12;4
110;990.37325767705;996.2349092873219;873.7187685183399;935.0743626171914;12.692721172068985;13;15
111;935.0743626171914;1035.0967215733565;862.339073115682;976.8721357589937;12.185012325186227;14;18
112;976.8721357589937;1045.6899561944733;710.6970009393306;1045.6899561944733;12.063162201934365;5;11
113;1045.6899561944733;1122.5246881811424;817.3308232615586;986.2928221262708;11.94253057991502;12;14
114;986.2928221262708;1200.0664966741922;816.1913611969135;1014.5323143732694;12.420231803111621;1;15
115;1014.5323143732694;1142.954882014959;950.952209899035;950.952209899035;12.917041075236085;21;9
116;950.952209899035;1103.275318831339;862.3020528984875;977.677815159773;12.787870664483725;9;15
117;977.677815159773;1143.1532373747734;825.3803143638451;969.9782479332295;13.299385491063074;12;10
118;969.9782479332295;1198.2909434762619;853.3931973355336;880.9884126646397;13.831360910705596;15;4
119;880.9884126646397;922.1473140321225;665.4849960459794;826.7191319547042;13.969674519812653;12;3
120;826.7191319547042;942.2842701778939;768.1249139296189;942.2842701778939;14.249068010208905;9;9
121;942.2842701778939;1094.8907635142582;760.6017725782947;932.6514344291201;14.249068010208905;6;20
122;932.6514344291201;1104.116907064698;798.2788593191765;961.1706098774404;14.106577330106816;6;14
123;961.1706098774404;1021.7214577350898;821.483346598054;1021.7214577350898;14.106577330106816;13;5
124;1021.7214577350898;1102.316886971155;946.2254859406607;1028.3055818694859;13.965511556805748;11;17
125;1028.3055818694859;1136.7488780682297;872.4065653320393;1117.7149534618413;13.546546210101575;9;11
126;1117.7149534618413;1204.1177621256084;938.9920983421192;1033.7862135104588;13.004684361697512;11;10
127;1033.7862135104588;1113.803115521404;861.5380762659606;1113.803115521404;13.004684361697512;9;9
128;1113.803115521404;1298.2659737511174;1065.531871977776;1130.8521096230174;13.004684361697512;3;18
129;1130.8521096230174;1274.5925475901417;1023.9160096571486;1142.483571223478;12.614543830846587;6;17
130;1142.483571223478;1374.7874831880254;1092.801870322638;1114.8211006677852;12.362252954229655;12;12
131;1114.8211006677852;1176.6145517978641;1010.869884466823;1098.317797350379;11.86776283606047;19;6
132;1098.317797350379;1257.7320262608332;1061.207539995251;1120.470439632962;11.86776283606047;9;20
133;1120.470439632962;1153.7051211013395;1015.359865823499;1112.031926805365;11.86776283606047;12;10
134;1112.031926805365;1188.188816645337;1055.2220089001216;1125.5674610140766;11.986440464421074;14;13
135;1125.5674610140766;1366.511615393644;1083.0307851551618;1170.848584786094;11.986440464421074;5;15
136;1170.848584786094;1253.3104754892433;958.8853351806557;1147.5828621522705;12.465898082997917;15;1
137;1147.5828621522705;1382.0704520150312;1100.9779389163562;1135.9426893734626;12.839875025487855;8;15
138;1135.9426893734626;1317.1906211493852;1053.2134880402728;1134.0289745719463;13.353470026507368;13;8
139;1134.0289745719463;1209.0807892332898;992.0517663936597;1116.3814673615075;13.487004726772442;18;10
140;1116.3814673615075;1156.657692977126;1054.629507201468;1089.1557627824268;13.487004726772442;11;15
141;1089.1557627824268;1321.1200223112073;1017.549707655045;1208.2185076568494;13.217264632236994;4;12
142;1208.2185076568494;1344.1517372683268;1023.5930029408566;1190.3242868973227;13.217264632236994;9;6
143;1190.3242868973227;1293.6099043857173;1133.5468498984644;1208.8087132972896;13.613782571204103;12;10
144;1208.8087132972896;1429.7020594480814;1174.91345618327;1229.993253474438;13.613782571204103;6;8
145;1229.993253474438;1272.4651440611879;1063.2735385479152;1189.3630186336552;13.886058222628185;19;10
146;1189.3630186336552;1403.5420604213186;1166.7697253135707;1174.0030742076679;13.747197640401902;6;14
147;1174.0030742076679;1295.0874746691584;938.8489585613456;1126.2308666595268;14.297085546017978;7;18
148;1126.2308666595268;1195.2470264094443;1025.328952654152;1127.2002000826824;13.86817297963744;8;12
149;1127.2002000826824;1346.2756183551387;1119.0499908345516;1149.0201276955847;14.145536439230188;1;27
150;1149.0201276955847;1218.57690034286;1054.4292607986984;1056.7961335090731;14.28699180362249;11;2
151;1056.7961335090731;1170.6148208950244;931.4415204023005;1043.842747540226;14.57273163969494;7;11
152;1043.842747540226;1138.3691145069602;830.7771905755575;1129.3252449503145;14.28127700690104;8;12
153;1129.3252449503145;1329.4702557233618;1129.3252449503145;1153.9995682825258;13.99565146676302;3;21
154;1153.9995682825258;1271.8192437384448;1084.945947513793;1084.945947513793;14.55547752543354;10;11
155;1084.945947513793;1179.4180644533935;924.9232361149583;975.1792127135914;14.409922750179204;21;3
156;975.1792127135914;1078.9869041348302;859.2354110871825;894.2412550443396;14.84222043268458;7;8
157;894.2412550443396;915.5638318285767;718.5291491389282;850.830955199446;14.693798228357736;20;7
158;850.830955199446;967.3854849546941;836.0714692489887;901.3243893517587;14.39992226379058;13;18
159;901.3243893517587;960.8253496190572;748.965561261565;897.8370773064017;14.11192381851477;10;1
160;897.8370773064017;1033.285654515873;877.2544221940874;877.2544221940874;14.253043056699918;11;21
161;877.2544221940874;1048.1677414966887;873.5464917474188;873.5464917474188;14.538103917833915;5;26
162;873.5464917474188;949.5729775972286;726.9772584516282;949.5729775972286;14.538103917833915;5;7
163;949.5729775972286;1044.2189834864998;710.8696910981001;921.0897402604135;13.956579761120558;9;9
164;921.0897402604135;1033.3332051488555;859.1581429531681;915.170897566432;13.956579761120558;10;9
165;915.170897566432;1020.4231099918142;790.9758493125165;924.0055332595304;13.956579761120558;18;6
166;924.0055332595304;1028.7686072906304;759.0448658796251;922.5550121481315;13.537882368286942;3;17
167;922.5550121481315;1028.1055347689048;817.3771675512636;955.6170492058983;13.131745897238334;12;9
168;955.6170492058983;1022.6950163148954;833.5817571681962;962.9630700052853;13.131745897238334;14;17
169;962.9630700052853;1009.4316054802615;823.743305577915;951.5594565554225;13.000428438265951;17;8
170;951.5594565554225;990.5087890640291;876.8767030232374;954.293132593161;13.000428438265951;12;12
171;954.293132593161;1043.286491557072;699.5704190094106;898.9816424091072;13.000428438265951;15;12
172;898.9816424091072;1058.827582913667;802.1269660424564;984.9717372689338;13.26043700703127;4;10
173;984.9717372689338;1031.248030575921;920.613127351735;964.9502771156746;13.127832636960957;20;8
174;964.9502771156746;1055.7250971498127;796.3860729765579;1046.3109133807359;13.390389289700176;4;5
175;1046.3109133807359;1113.843973307455;958.6936064300191;1059.4107689427344;13.79210096839118;13;11
176;1059.4107689427344;1152.4576327721638;994.7570139414046;994.7570139414046;13.79210096839118;12;13
177;994.7570139414046;1148.8692457654552;865.2032726797514;1048.0548223651324;13.65417995870727;7;10
178;1048.0548223651324;1133.8950633723255;999.3700752606775;1133.8950633723255;13.244554559946051;5;10
179;1133.8950633723255;1222.7175621166498;985.7711272386402;1141.83732788806;12.847217923147669;11;12
180;1141.83732788806;1146.6589402719896;1014.0288278958136;1144.2169018836253;12.847217923147669;16;14
181;1144.2169018836253;1279.585849047708;1106.6496956533351;1157.4973880792782;12.975690102379145;5;19
182;1157.4973880792782;1322.0762040820146;1081.4708185692011;1145.3309472639903;13.36496080545052;12;13
183;1145.3309472639903;1207.6584028862123;1000.7243439037209;1139.0028450238888;13.36496080545052;14;13
184;1139.0028450238888;1290.166193570652;1058.0783154267103;1058.0783154267103;13.498610413505025;9;8
185;1058.0783154267103;1144.128329432885;886.8794058329574;1126.4907277045209;13.498610413505025;8;16
186;1126.4907277045209;1245.9715927177383;1052.7976960750946;1102.487828257468;12.958665996964823;7;6
187;1102.487828257468;1189.6580138020804;931.4495587411361;1048.522064768369;12.958665996964823;11;9
188;1048.522064768369;1092.636258671548;904.7668756294942;1092.636258671548;12.440319357086231;16;13
189;1092.636258671548;1211.751860346037;1048.8989720992226;1071.8679770298497;12.689125744227956;6;10
190;1071.8679770298497;1113.4633919647538;911.0074757362968;1079.274988655075;12.689125744227956;16;7
191;1079.274988655075;1219.5247179310136;970.1916526482571;1078.3829382602016;12.942908259112516;7;16
192;1078.3829382602016;1152.8236293336988;975.733786541779;1085.3360595886395;13.460624589477016;16;6
193;1085.3360595886395;1260.8352729600695;999.9503266004269;1048.4635503722532;13.460624589477016;4;9
194;1048.4635503722532;1191.1625723658753;963.666271408542;988.7268520539217;13.864443327161327;11;11
195;988.7268520539217;1125.5131719259748;962.6910716584891;1040.539735669458;13.5871544606181;1;20
196;1040.539735669458;1137.9295329137858;960.0289102531241;1012.2743270985582;13.858897549830463;11;15
197;1012.2743270985582;1142.2888509257962;978.4528774292958;978.4528774292958;13.858897549830463;5;15
198;978.4528774292958;1126.191655525466;822.1587380938086;956.7251543213312;13.858897549830463;3;26
199;956.7251543213312;1083.2065779587072;857.4135706152092;964.03309485926;14.413253451823682;14;6
200;964.03309485926;1127.1593627440411;882.5227362600396;973.4085878651167;14.989783589896629;10;8
201;973.4085878651167;1044.2503483041226;894.912776122671;1009.4931990637775;15.589374933492493;10;16
202;1009.4931990637775;1236.144021810886;904.7122536429205;1050.8764759866121;15.901162432162343;11;7
203;1050.8764759866121;1134.507089203712;949.618454897751;1016.1259460287176;15.583139183519096;11;6
204;1016.1259460287176;1098.2854841463839;958.2748615362282;986.0000355682723;16.05063335902467;10;17
205;986.0000355682723;1072.665409521318;946.1038280898738;1021.6958679110164;16.532152359795408;6;22
206;1021.6958679110164;1253.4062727249257;1021.6958679110164;1030.4307420782866;16.862795406991317;9;17
207;1030.4307420782866;1138.918832587804;992.0508071866301;1051.5192434420471;17.03142336106123;4;18
208;1051.5192434420471;1090.103670184943;942.0281267201182;1071.4098249820895;17.372051828282455;19;19
209;1071.4098249820895;1217.7487181206707;975.900173202119;1020.8640452073749;16.850890273433983;8;5
210;1020.8640452073749;1093.4143846884292;967.7064891364206;1058.0789372483769;17.01939917616832;11;12
211;1058.0789372483769;1223.204749547217;987.0227264840926;1004.1778355474135;16.84920518440664;8;15
212;1004.1778355474135;1083.3995176323594;843.8319460308675;1058.1548811669377;16.84920518440664;7;9
213;1058.1548811669377;1222.473901714964;1021.931734368852;1090.8098230204025;16.680713132562573;12;14
214;1090.8098230204025;1220.9359162662545;1084.9665150490555;1135.5920220304922;16.680713132562573;12;27
215;1135.5920220304922;1306.8709562788854;1051.9535127884642;1077.4713967674102;16.680713132562573;8;16
216;1077.4713967674102;1214.0666054185922;936.08973603902;968.606470437521;16.513906001236947;22;3
217;968.606470437521;1109.8462817243549;888.4970585237826;980.7866685676368;17.174462241286424;11;18
218;980.7866685676368;1146.5284682358842;934.1940840391195;996.571438986553;16.65922837404783;5;23
219;996.571438986553;1124.0200821664082;976.0290718600543;1069.9442009719883;17.325597509009746;7;18
220;1069.9442009719883;1173.4766696013905;985.8879248644263;1058.9329097526565;17.67210945918994;17;10
221;1058.9329097526565;1143.4990837605678;1028.3652208640349;1068.5593124213935;16.965225080822343;12;18
222;1068.5593124213935;1233.325283135844;955.1783722552644;994.8506970471068;17.643834084055236;5;11
223;994.8506970471068;1079.362228575886;875.9250419963432;1032.65379007143;17.643834084055236;8;19
224;1032.65379007143;1118.9884995767904;938.8771964825911;1078.9951769880474;17.820272424895787;8;18
225;1078.9951769880474;1232.7663278008104;998.62564911666;1087.5884937864544;17.46386697639787;7;3
226;1087.5884937864544;1241.6544051327269;964.7220894140384;1094.4793794468803;18.162421655453784;4;23
227;1094.4793794468803;1241.5617836846338;1050.0414707923449;1159.5638743376792;17.980797438899245;10;23
228;1159.5638743376792;1240.90135240761;1080.1954169402911;1201.4860352533333;18.520221362066223;17;8
229;1201.4860352533333;1294.400494311807;1014.2143047519675;1190.4152717855795;18.89062578930755;9;9
230;1190.4152717855795;1339.2265438651289;1162.9379035736588;1285.6045068613275;19.2684383050937;6;13
231;1285.6045068613275;1415.5829238601732;1078.9089930470104;1278.2518829095145;20.039175837297446;18;3
232;1278.2518829095145;1356.5654507021893;1240.4094589129857;1301.688516930356;19.237608803805546;6;14
233;1301.688516930356;1491.0052805208147;1209.8590346466667;1376.471106707785;19.429984891843603;3;20
234;1376.471106707785;1427.1770071460785;1291.9144744553107;1402.2636459392334;19.62428474076204;11;15
235;1402.2636459392334;1663.4211379846333;1291.5129142235712;1496.3066267679856;19.62428474076204;0;18
236;1496.3066267679856;1628.8002805106746;1389.7825273827175;1502.0554380065091;19.62428474076204;16;8
237;1502.0554380065091;1614.8881807778175;1358.1626042691887;1544.2661080535897;19.62428474076204;10;12
238;1544.2661080535897;1585.1173804933844;1367.8101931487315;1554.314485844624;19.82052758816966;10;14
239;1554.314485844624;1792.0728722380863;1542.7312820798172;1542.7312820798172;20.216938139933053;7;20
240;1542.7312820798172;1691.4184796297493;1467.1693510738185;1492.9544893757036;21.025615665530374;14;13
241;1492.9544893757036;1723.6633053195778;1446.0893795649183;1489.2437716885147;21.656384135496285;10;20
242;1489.2437716885147;1625.3647690854987;1336.3149349394375;1458.180943103686;22.522639500916135;6;16
243;1458.180943103686;1581.9227894441342;1358.8665418768362;1561.328059525625;23.42354508095278;4;13
244;1561.328059525625;1606.17329048445;1380.8065508698783;1556.1284085286563;69;23;3
245;1556.1284085286563;1606.8547874189226;1373.6716732175485;1488.3710552737912;69;32;9
246;1488.3710552737912;1546.9063510009305;1366.8580398546737;1545.0049351725602;68.31;20;8
247;1545.0049351725602;1614.4473581728646;1409.2833607587338;1425.1637465747215;68.31;18;2
248;1425.1637465747215;1425.1637465747215;1268.0517911056013;1422.2813022492885;67.6269;35;3
249;1422.2813022492885;1467.2799037682955;1237.9809191617828;1335.3779543697085;66.950631;21;2
250;1335.3779543697085;1355.3693315535347;1169.8953065037122;1268.8963678107789;66.950631;24;6
251;1268.8963678107789;1338.0585571120027;1114.4498135315625;1215.1572427238784;66.950631;27;5
252;1215.1572427238784;1215.1572427238784;1086.615922151978;1086.615922151978;67.62013731;35;2
253;1086.615922151978;1169.9181193800998;848.1512536514844;1082.818882359934;67.62013731;32;0
254;1082.818882359934;1163.5527354164033;935.988668732518;975.1577499849286;67.62013731;19;1
255;975.1577499849286;1052.243213158081;818.5645963526637;947.9159772122423;67.62013731;18;9
256;947.9159772122423;947.9159772122423;795.7201710381894;880.6392873401085;66.9439359369;27;3
257;880.6392873401085;905.69179629488;744.6189163185456;805.4228482498875;66.27449657753101;29;5
258;805.4228482498875;809.9823905930685;621.1336273313922;796.2844363348777;66.93724154330631;31;4
259;796.2844363348777;801.9455440343061;580.5542192840921;733.957783773811;67.60661395873937;26;0
260;733.957783773811;780.539662962492;557.8109700375397;660.381036012136;66.93054781915198;24;1
261;660.381036012136;660.381036012136;469.19763455859805;578.8602776367392;67.5998532973435;31;2
262;578.8602776367392;603.7947332792958;426.97056932892303;603.7947332792958;67.5998532973435;17;4
263;603.7947332792958;806.2658578537438;444.12075395798377;549.8840460397037;68.27585183031694;23;6
264;549.8840460397037;549.8840460397037;330.3872576064456;453.163116197687;68.27585183031694;27;3
265;453.163116197687;617.3385496554495;453.163116197687;617.3385496554495;68.27585183031694;2;44
266;617.3385496554495;800.2370241076629;449.68668709575286;658.152178495847;68.27585183031694;8;8
267;658.152178495847;749.4620560668565;491.9463020216212;590.5363095980371;67.59309331201376;22;3
268;590.5363095980371;609.9031906954662;397.7939242206511;541.7167716390084;67.59309331201376;32;5
269;541.7167716390084;591.2076355671026;359.5825712837577;532.9744704097859;66.91716237889362;26;1
270;532.9744704097859;573.4663599232483;445.537163391652;487.5011654148953;66.91716237889362;23;6
271;487.5011654148953;667.5547899948192;487.5011654148953;653.525374443015;66.91716237889362;0;61
272;653.525374443015;678.7728723684781;499.9932191637506;678.7728723684781;66.91716237889362;16;7
273;678.7728723684781;841.159434598983;561.3101329154767;659.3118331330909;66.91716237889362;21;5
274;659.3118331330909;854.7274685033974;601.6086201344062;768.1437899827271;19;4;8
275;768.1437899827271;861.4070559463348;608.6151925033028;766.1165096307594;18.81;8;13
276;766.1165096307594;839.4470841324463;675.3593767371674;737.1540570567579;19.1862;6;9
277;737.1540570567579;911.8536936994903;667.4773231022798;761.2227319089775;18.610613999999998;14;15
278;761.2227319089775;934.5351779560146;672.8496503768107;736.4255516483794;18.610613999999998;10;16
279;736.4255516483794;876.8279623415923;699.1240050452766;876.8279623415923;18.610613999999998;4;21
280;876.8279623415923;1030.9005493631194;733.500194318589;952.6554540458465;18.982826279999998;9;9
281;952.6554540458465;1020.9164292042884;774.5888670339727;954.0858994815269;19.742139331199997;13;12
282;954.0858994815269;1062.2609000590878;827.2445325740787;961.6065142356445;20.136982117823997;12;17
283;961.6065142356445;1224.0442613950067;903.7731663145721;903.7731663145721;19.734242475467518;12;12
284;903.7731663145721;947.3395611637133;809.8366297321948;929.5568531840584;20.326269749731544;16;14
285;929.5568531840584;1022.7750216686005;886.1228335653735;915.9871843207519;19.513218959742282;8;17
286;915.9871843207519;1039.8672218082029;748.3675289337505;948.502535725367;19.122954580547436;5;21
287;948.502535725367;1061.9234590041688;825.8379746425322;939.9481215387456;18.931725034741962;11;6
288;939.9481215387456;1124.2320447285729;930.8516499732509;948.6469027741256;19.49967678578422;10;17
289;948.6469027741256;1101.4157874121654;881.1537500098968;953.5318067692035;19.49967678578422;1;13
290;953.5318067692035;1124.8042374784702;783.3699258179406;987.2254635497061;19.30468001792638;5;8
291;987.2254635497061;1064.5321734982754;741.0660832623877;1023.1772050864976;19.111633217747116;14;16
292;1023.1772050864976;1056.3982986380108;929.655086141624;963.6701445812275;19.68498221427953;11;10
293;963.6701445812275;1048.2184030651733;817.6500413508106;1048.2184030651733;19.881832036422324;11;13
294;1048.2184030651733;1162.3697185104115;891.7678655352552;1039.049384595727;19.285377075329656;11;6
295;1039.049384595727;1138.542097355774;931.0096544513503;1131.072581320448;18.51396199231647;7;25
296;1131.072581320448;1170.4089315008853;1032.6681369872267;1127.1427601742937;19.25452047200913;13;7
297;1127.1427601742937;1211.1269607291351;1027.6943551480672;1027.6943551480672;19.63961088144931;11;6
298;1027.6943551480672;1221.6442933105711;997.6596490456707;1057.6714649102448;19.63961088144931;8;18
299;1057.6714649102448;1194.3543314886615;933.2475173469152;1031.6634970576717;18.854026446191337;19;7
300;1031.6634970576717;1198.6208762917636;950.5084086423675;976.8533494405063;18.665486181729424;4;12
301;976.8533494405063;1044.249183761748;935.7704332465007;946.5323252457234;18.10552159627754;17;10
302;946.5323252457234;1027.1551412939184;823.1565843516671;954.2140883184919;18.10552159627754;11;13
303;954.2140883184919;1021.2192347681171;893.9416048880945;944.7084686273129;18.648687244165867;12;21
304;944.7084686273129;1117.201093542779;851.932789297751;977.6321210498343;18.462200371724208;6;5
305;977.6321210498343;1191.4946386835154;977.6321210498343;992.0304322532544;17.908334360572482;11;24
306;992.0304322532544;1155.0639341800754;931.6906567356916;1008.9917480899787;17.908334360572482;8;19
307;1008.9917480899787;1091.1916603826594;897.6004207162118;1014.9846909293167;17.908334360572482;13;10
308;1014.9846909293167;1125.8923046573386;931.3237149962707;949.912368318897;18.445584391389655;8;8
309;949.912368318897;1137.5684989499093;838.6730088263207;1010.9742411075318;17.892216859647966;10;12
310;1010.9742411075318;1125.5334388707251;924.0112061704345;985.0668367834822;18.428983365437407;17;12
311;985.0668367834822;1120.474962472081;908.9653851286121;915.5174108601568;18.428983365437407;1;10
312;915.5174108601568;977.5202469236353;806.0997487543345;855.9950738746855;18.613273199091783;19;11
313;855.9950738746855;947.9687857152703;801.2996705502861;877.5848557891002;17.868742271128113;5;12
314;877.5848557891002;877.5848557891002;683.8137161940281;846.1387240748285;17.15399258028299;22;7
315;846.1387240748285;930.8146568499731;788.9661338647547;817.8910293227513;17.15399258028299;11;13
316;817.8910293227513;855.3720651436358;615.5884490888767;855.3720651436358;17.15399258028299;13;11
317;855.3720651436358;947.791440876316;769.2201369744151;947.791440876316;17.497072431888647;10;17
318;947.791440876316;1035.3758407284492;816.3572168747736;971.7904248522008;17.672043156207533;9;9
319;971.7904248522008;1127.5500081891735;805.6293186792218;957.1112462677436;18.378924882455834;16;10
320;957.1112462677436;1036.2377646941225;874.415350082743;1023.2894820028902;18.378924882455834;10;13
321;1023.2894820028902;1057.7815210022686;889.3101439258377;1056.8020267090187;18.378924882455834;18;6
322;1056.8020267090187;1116.1684547965313;972.320008626157;1022.6234377009812;18.562714131280394;13;7
323;1022.6234377009812;1145.1348590206183;899.0072815784417;1027.4780491697836;18.562714131280394;5;15
324;1027.4780491697836;1153.5281324599762;1022.8262966474456;1043.6910704507604;18.005832707341984;9;19
325;1043.6910704507604;1234.7161381855208;930.8678928427191;1077.7434789050442;17.285599399048305;6;13
326;1077.7434789050442;1120.4346359753445;998.7279442514462;998.7279442514462;16.93988741106734;23;10
327;998.7279442514462;1152.3591104569252;915.0407681738185;1063.5993547837343;16.93988741106734;8;8
328;1063.5993547837343;1110.1376547667278;964.263415325041;1110.1376547667278;16.43169078873532;11;5
329;1110.1376547667278;1178.22010526199;1070.2702829751684;1100.0703942340099;16.92464151239738;11;19
330;1100.0703942340099;1232.0879185687988;1054.9758849572936;1096.1450473492807;17.4323807577693;13;16
331;1096.1450473492807;1209.8344875102025;872.3585184089268;1141.0117582763064;16.73508552745853;6;10
332;1141.0117582763064;1223.0573474630905;1113.353809275381;1137.4231199404076;17.069787238007702;14;18
333;1137.4231199404076;1220.1310439181887;1057.2953281170005;1186.374182966434;17.411182982767855;8;11
334;1186.374182966434;1321.095733079503;1036.0260300135033;1275.4046397628167;17.585294812595535;3;16
335;1275.4046397628167;1409.2902618244;1196.0887780621931;1234.9240904462447;18.288706605099357;15;12
336;1234.9240904462447;1324.0310645007694;1102.348446768797;1246.2329019018523;18.654480737201343;10;19
337;1246.2329019018523;1492.5178653490061;1244.627288853399;1256.0330889569318;19.214115159317384;2;19
338;1256.0330889569318;1338.9221961997573;1203.9192943193475;1258.7571303712864;19.214115159317384;12;12
339;1258.7571303712864;1339.8468441163848;1006.7923964952442;1138.8903208059867;19.214115159317384;14;6
340;1138.8903208059867;1245.1048457445363;1068.4982022399672;1068.4982022399672;19.98267976569008;16;8
341;1068.4982022399672;1264.0198657207445;1038.484134370241;1055.1845178488213;19.78285296803318;2;11
342;1055.1845178488213;1118.21028734328;1004.8254843888016;1061.4033497418034;19.189367378992184;9;15
343;1061.4033497418034;1200.9189275561191;1002.5023926924122;1055.9324971224132;18.421792683832496;8;9
344;1055.9324971224132;1175.717397545196;964.0879786092446;1072.7026039761088;18.790228537509147;4;13
345;1072.7026039761088;1192.8514210587005;945.941028820211;1096.76680085376;18.602326252134056;10;1
346;1096.76680085376;1191.211867453377;1000.4830548503082;1097.681569139264;18.230279727091375;22;6
347;1097.681569139264;1323.8951494125763;1040.0658956547818;1082.1392896836714;18.41258252436229;16;11
348;1082.1392896836714;1146.8929898574888;881.180676895268;1075.028364091827;18.044330873875044;13;16
349;1075.028364091827;1206.0464546838855;1060.1315975056975;1165.813780984859;17.322557638920042;5;22
350;1165.813780984859;1501.6815621298897;1010.3890211668127;1109.8828680763418;17.322557638920042;15;5
351;1109.8828680763418;1243.1423109511404;1029.6059878868944;1097.835656098309;17.84223436808764;10;16
352;1097.835656098309;1161.3944312621034;1027.5910337915461;1027.5910337915461;18.555923742811146;9;14
353;1027.5910337915461;1199.8835277514997;986.7297081316691;1081.3815845633517;19.11260145509548;2;31
354;1081.3815845633517;1213.8280943046586;987.493080095392;1193.8711233627275;18.73034942599357;5;26
355;1193.8711233627275;1314.1910970868307;1134.6219066334625;1169.3555064701468;18.73034942599357;8;19
356;1169.3555064701468;1300.4261261359347;1125.3440027865802;1167.921303047185;18.917652920253506;8;18
357;1167.921303047185;1320.3937497347183;1034.5912647180464;1155.081186324238;18.539299861848434;12;23
358;1155.081186324238;1231.0662253230569;1062.4596240408036;1106.147806232824;68;18;10
359;1106.147806232824;1128.8313480229097;886.5712520577804;969.2691384926975;68.68;38;1
360;969.2691384926975;969.2691384926975;826.8052751993912;914.8313261696919;69.36680000000001;32;3
361;914.8313261696919;992.9092384721847;806.8420943913774;871.0672391630027;70.06046800000001;29;3
362;871.0672391630027;937.135029014731;719.1858226468713;784.2263388902957;69.35986332000002;25;4
363;784.2263388902957;816.7968460591077;636.6435815339303;780.5637113189719;69.35986332000002;22;8
364;780.5637113189719;799.1404680053687;692.3864288689907;692.3864288689907;70.05346195320001;26;7
365;692.3864288689907;751.6885914678046;488.7117207547881;576.9437971197773;70.05346195320001;27;2
366;576.9437971197773;603.6279538380998;473.93490074207;602.7090779433798;70.05346195320001;19;6
367;602.7090779433798;622.9117750564627;458.51658145065335;577.4438254653921;70.05346195320001;16;7
368;577.4438254653921;657.6499936800482;379.7699251248935;518.3962838109021;70.753996572732;18;2
369;518.3962838109021;739.3002679307328;437.0227083624479;470.3015764009139;70.753996572732;22;9
370;470.3015764009139;736.1895565198404;470.3015764009139;546.5934918106265;70.753996572732;0;57
371;546.5934918106265;577.5142771814068;281.9147132766188;387.63520584979653;70.753996572732;33;0
372;387.63520584979653;609.8398938295338;387.63520584979653;515.5170845436077;71.46153653845933;0;62
373;515.5170845436077;530.7671157685137;339.6242663048897;457.62557181383016;71.46153653845933;23;1
374;457.62557181383016;688.2347258324675;457.62557181383016;533.1829955563592;72.17615190384392;0;40
375;533.1829955563592;611.8184555807327;434.6064086753421;539.3194838159335;72.17615190384392;20;5
376;539.3194838159335;687.6341542003839;375.98334748563923;536.7010295215755;72.17615190384392;28;6
377;536.7010295215755;709.5742216662018;339.8206557308114;540.045388784826;72.89791342288235;16;5
378;540.045388784826;583.9723652382828;344.2132126405343;486.2350137531078;72.16893428865353;14;4
379;486.2350137531078;649.6932127081848;442.8189142883002;649.6932127081848;72.16893428865353;1;40
380;649.6932127081848;680.9530599468743;428.25691229081866;597.7998306280091;72.16893428865353;29;2
381;597.7998306280091;643.9898547394862;472.44587204668943;557.4992460205128;72.16893428865353;32;6
382;557.4992460205128;561.936042273065;243.94732085617738;508.3333002279119;71.447244945767;25;4
383;508.3333002279119;612.640133116731;305.74166930290073;440.95007973342024;72.16171739522467;23;3
384;440.95007973342024;662.9640420146509;436.8190626671293;609.566224131921;71.44010022127242;0;40
385;609.566224131921;725.2396894928264;486.75947705995475;601.1524389026388;72.15450122348514;17;7
386;601.1524389026388;605.5893542383354;505.0313888824801;605.5893542383354;71.43295621125029;33;3
387;605.5893542383354;605.5893542383354;384.55348512774816;551.2337228265317;70.71862664913779;38;2
388;551.2337228265317;661.0948180712355;508.02676646215036;609.4190872316724;17;10;17
389;609.4190872316724;660.43098798647;507.84403253051676;553.3962246414216;17.51;17;6
390;553.3962246414216;656.8267257119139;495.1612513519426;495.1612513519426;17.3349;10;8
391;495.1612513519426;754.7082237798616;474.5962574255431;658.6183831127391;18.028296;0;58
392;658.6183831127391;793.8018947706889;496.784598289152;777.2822434997363;18.20857896;6;12
393;777.2822434997363;926.0591653751313;675.9103912699181;796.3892133858845;18.3906647496;13;6
394;796.3892133858845;935.2753277553452;704.0782484752356;803.6007113922974;17.838944807112;5;13
395;803.6007113922974;985.7477550084473;693.1513900883358;821.4492923975066;17.838944807112;4;19
396;821.4492923975066;958.788534743342;657.384772931141;792.2882216586443;18.19572370325424;5;7
397;792.2882216586443;850.7294791079812;669.7823485227144;810.6099299460009;17.46789475512407;13;9
398;810.6099299460009;873.2615353451813;670.3687655748306;750.2677036688003;16.769178964919107;13;4
399;750.2677036688003;922.3836969876768;666.1000764024434;821.4885342812302;16.601487175269916;5;10
400;821.4885342812302;835.7609726102663;589.9789307209305;756.1128725804476;15.93742768825912;19;6
401;756.1128725804476;955.3996951059282;745.1928213634033;759.6077004696726;15.93742768825912;12;19
402;759.6077004696726;951.6181058043121;660.3716830142897;803.5065739557903;15.93742768825912;6;19
403;803.5065739557903;871.6548899286229;624.3823440484886;823.8956774866226;15.459304857611347;12;7
404;823.8956774866226;888.5815573049015;703.2377801811904;835.7521807326369;15.923084003339687;8;10
405;835.7521807326369;899.5699700066867;730.5808562247036;895.9289219654031;16.082314843373084;12;12
406;895.9289219654031;985.8065826368186;746.0788188672275;866.218916423923;60;24;1
407;866.218916423923;901.2001900934574;721.5419115341382;840.8946273745258;60;16;5
408;840.8946273745258;885.2659561044514;511.32569521932504;836.4747195175155;60;35;4
409;836.4747195175155;924.6215574757359;715.3617719037313;808.3688941975497;60;26;3
410;808.3688941975497;860.1913965442948;642.3869681379733;782.8023792312003;60.6;26;2
411;782.8023792312003;834.9874884080353;679.5292017230871;765.1020048678847;59.994;24;9
412;765.1020048678847;782.1955839218775;652.1432595725706;734.6452618744746;59.994;37;2
413;734.6452618744746;802.8433568068892;618.9993575699646;676.2221262075974;60.593939999999996;30;2
414;676.2221262075974;700.6993065623534;500.8877640549736;590.0222006487579;60.593939999999996;27;4
415;590.0222006487579;624.6683051308896;410.8041666371904;484.6905570801953;59.9880006;17;6
416;484.6905570801953;654.4396607996637;247.01297901350205;585.8088262858191;59.9880006;2;39
417;585.8088262858191;635.9213817040502;472.6066986809265;534.01867570813;59.9880006;27;4
418;534.01867570813;534.01867570813;398.94267458818996;499.1338502515881;60.587880606;24;7
419;499.1338502515881;655.3524853771573;499.1338502515881;590.0982269633292;60.587880606;1;50
420;590.0982269633292;626.6024296510119;366.0749491961981;543.1875591588552;60.587880606;27;2
421;543.1875591588552;636.9281934699189;466.74310845753087;491.0402168989087;60.587880606;21;5
422;491.0402168989087;706.5797228676316;491.0402168989087;587.6874882160366;61.19375941206;2;53
423;587.6874882160366;625.6442541693021;469.6028245964201;483.47742381877634;61.805697006180594;22;4
424;483.47742381877634;672.0385783931247;481.18997501023694;549.7820632032085;62.4237539762424;0;43
425;549.7820632032085;797.7243108133873;429.1649073984511;429.1649073984511;63.04799151600483;30;4
426;429.1649073984511;628.9242825787495;366.92014406457577;501.75941654779876;63.67847143116487;2;44
427;501.75941654779876;528.1517294857891;348.22245729945814;457.88154608401766;63.04168671685322;34;6
428;457.88154608401766;731.9532404524306;397.38720372806046;578.93556477141;63.04168671685322;0;54
429;578.93556477141;597.1840995246379;435.6170851076597;546.8254227708968;62.411269849684686;36;8
430;546.8254227708968;546.8254227708968;282.524661652504;454.19830404603624;62.411269849684686;37;1
431;454.19830404603624;678.7286504327673;454.19830404603624;542.9719292163896;62.411269849684686;3;58
432;542.9719292163896;580.0996413579463;451.35757209392676;451.35757209392676;62.411269849684686;34;4
433;451.35757209392676;620.2115984667889;451.35757209392676;620.2115984667889;63.03538254818153;2;56
434;620.2115984667889;704.6299142614744;472.46529803000806;628.4380163509668;63.03538254818153;21;3
435;628.4380163509668;648.1769520156985;375.336700129576;648.1769520156985;62.40502872269972;18;8
436;648.1769520156985;762.7173399605181;473.0675178102721;631.1923925259974;14.85;13;5
437;631.1923925259974;719.1236750233878;447.6490169687322;665.8164061156342;14.256;12;6
438;665.8164061156342;736.309677579703;545.8820886861039;628.2568016821484;13.68576;21;6
439;628.2568016821484;872.2699937424616;525.3882705863008;654.5555732599144;14.0963328;5;21
440;654.5555732599144;761.4516789563739;621.1750089948305;701.5299522982336;14.237296128;5;20
441;701.5299522982336;799.413465154824;682.7298810851638;718.0459600771912;14.664415011840001;10;21
442;718.0459600771912;787.2827732632361;570.0875608348401;697.9503948941415;15.250991612313602;7;11
443;697.9503948941415;838.3256695306778;619.9263305636466;663.4161174780448;14.793461863944193;7;13
444;663.4161174780448;765.4023541560977;620.1457905394466;702.9907979596428;15.089331101223078;12;19
445;702.9907979596428;788.4698636300108;425.0175448105684;703.7576612694313;15.089331101223078;16;5
446;703.7576612694313;807.3369034292677;559.8280066628911;755.5434545398277;15.54201103425977;11;10
447;755.5434545398277;999.3869398830948;516.5428970469185;756.3605027658161;14.92033059288938;11;11
448;756.3605027658161;856.3506876769136;699.26944218577;718.0652087585784;15.218737204747168;15;12
449;718.0652087585784;847.6747249742295;665.8085713050726;772.8221806256846;15.37092457679464;3;24
450;772.8221806256846;866.1566250475545;681.7244869829248;747.0144136859008;15.832052314098478;16;10
451;747.0144136859008;805.9978127520095;635.3890939375583;693.2519440276269;15.673731790957493;21;9
452;693.2519440276269;779.5462090642361;575.9120472337243;779.5462090642361;15.203519837228768;5;9
453;779.5462090642361;910.2721428521589;588.4622848471442;910.2721428521589;15.203519837228768;4;15
454;910.2721428521589;944.1013435554232;846.6556035402484;914.9273590962845;14.899449440484192;13;14
455;914.9273590962845;1094.4367509782733;664.8250005246771;930.8883111399999;15.49542741810356;9;1
456;930.8883111399999;1017.7353047090294;819.5276483519758;954.4574687892062;15.960290240646668;11;14
457;954.4574687892062;1082.0778723485946;837.505568654131;1082.0778723485946;15.8006873382402;5;18
458;1082.0778723485946;1207.1483078971744;985.2594508176893;1081.8183766873508;15.326666718092994;12;10
459;1081.8183766873508;1170.3972680634436;1043.7525595431105;1080.9987416543158;15.173400050912065;8;18
460;1080.9987416543158;1214.2220086937405;977.8249084384628;1128.8621112872434;15.628602052439426;8;23
461;1128.8621112872434;1298.453932712903;1011.9264630529169;1074.4142981072116;15.003457970341849;11;8
462;1074.4142981072116;1219.8745103049018;925.4038316199587;1039.5828581165508;15.603596289155522;13;10
463;1039.5828581165508;1093.4324127213627;963.3842616153086;970.3573070289851;14.979452437589302;15;8
464;970.3573070289851;1076.380322263153;898.1641374931561;990.6757489399328;15.428836010716982;14;24
465;990.6757489399328;1100.14254681494;845.56291585274;1024.2030830959043;15.737412730931322;17;17
466;1024.2030830959043;1102.4325986345793;903.0422269184396;994.6992807296403;15.265290349003383;9;7
467;994.6992807296403;1114.4372052672948;925.5623406965832;951.5325546918156;15.265290349003383;18;12
468;951.5325546918156;1078.7266182806534;818.9430602596997;905.0839750301709;15.265290349003383;6;6
469;905.0839750301709;932.9682340696327;761.2216363016518;889.9803527286088;15.875901962963518;17;13
470;889.9803527286088;1002.5822162225074;827.7688901731342;909.2418264397558;15.399624904074612;12;12
471;909.2418264397558;1011.0692147283933;757.71451394252;931.822802302218;15.399624904074612;6;10
472;931.822802302218;1100.4789232361145;887.2441765345332;957.1177025537222;15.399624904074612;9;15
473;957.1177025537222;1143.1210816246914;896.3929717736979;962.7293779718399;14.783639907911628;5;13
474;962.7293779718399;1062.3193732597103;775.687553131731;977.3511625741389;15.374985504228093;8;13
475;977.3511625741389;1015.9625392716852;889.0045554778806;994.7346882234581;15.989984924397216;15;4
476;994.7346882234581;1116.5851073653523;913.5447577425168;969.8862953014102;16.46968447212913;4;13
477;969.8862953014102;1239.9170495407725;781.8612239844774;1102.779845885025;15.975593937965257;2;26
478;1102.779845885025;1295.3200077611687;1072.7880784745855;1107.3271628526966;16.29510581672456;3;16
479;1107.3271628526966;1181.5793985841367;987.8253534455312;1116.7254904266997;15.96920370039007;10;16
480;1116.7254904266997;1190.4307305005213;938.8423237610488;1014.250241734658;16.448279811401772;16;3
481;1014.250241734658;1129.0933938531605;980.1258180889536;1008.7164019525918;15.790348618945702;11;17
482;1008.7164019525918;1047.3484670224882;869.9970660527176;1027.28516835732;15.790348618945702;17;12
483;1027.28516835732;1290.1218681449743;992.9098487547212;1113.7218069738883;16.106155591324615;6;21
484;1113.7218069738883;1272.3536761912276;992.89543575416;1077.4785346913566;16.26721714723786;7;7
485;1077.4785346913566;1192.009728013756;1007.4555584951147;1101.4974568965795;16.10454497576548;9;11
486;1101.4974568965795;1281.4803215573388;1006.4372879482644;1024.2846667537622;16.7487267747961;10;17
487;1024.2846667537622;1409.4408163110388;1001.0961270153765;1026.2354991353616;16.078777703804256;4;19
488;1026.2354991353616;1082.5057110779624;908.2754474459989;1050.2135610021344;16.2395654808423;11;14
489;1050.2135610021344;1263.8850982856438;1019.6447800965539;1079.373698082292;16.2395654808423;2;14
490;1079.373698082292;1229.1559039880733;1041.1562183845497;1130.710175918608;16.88914810007599;6;12
491;1130.710175918608;1203.9617669617344;971.0857436714921;1163.210333582074;16.88914810007599;6;13
492;1163.210333582074;1309.0685730093091;1034.5418681323385;1215.3766183799294;16.88914810007599;3;20
493;1215.3766183799294;1302.2775375308431;1143.3957534655228;1187.4669494859038;16.21358217607295;10;18
494;1187.4669494859038;1259.0226396216342;1072.1609217342018;1133.0575795007912;16.69998964135514;22;5
495;1133.0575795007912;1244.4842672693223;1021.6199411036539;1098.0084847336857;16.031990055700934;10;10
496;1098.0084847336857;1098.0084847336857;937.3346702367697;970.9234692988928;15.390710453472897;20;4
497;970.9234692988928;1096.2693240139884;854.8300209995549;1019.6854715138251;15.698524662542354;14;7
498;1019.6854715138251;1184.3558577366157;909.855115996131;976.0811870382961;15.698524662542354;6;9
499;976.0811870382961;1037.2042185990997;892.4797510294235;994.6955636367303;15.227568922666084;15;14
500;994.6955636367303;1039.924514800237;759.1989679042597;1006.9128010533707;15.379844611892745;6;6
